{
  "train_loss": [
    0.21085890102759003,
    0.08168422994762659
  ],
  "train_acc": [
    0.916375,
    0.97375
  ],
  "val_loss": [
    0.10499418264180421,
    0.11281653942465782
  ],
  "val_acc": [
    0.9676,
    0.9652
  ],
  "val_f1": [
    0.9678953626634959,
    0.965571824297586
  ],
  "val_auc": [
    0.9920691199999999,
    0.99433728
  ],
  "epoch_time": [
    199.33767700195312,
    202.79708790779114
  ]
}