{
  "accuracy": 0.9668,
  "precision": 0.959087332808812,
  "recall": 0.9752,
  "f1": 0.9670765569218565,
  "auc": 0.9902112000000001,
  "loss": 0.11283637601137161
}