{
  "accuracy": 0.9808,
  "precision": 0.9702660406885759,
  "recall": 0.992,
  "f1": 0.9810126582278481,
  "auc": 0.9976236799999999,
  "loss": 0.05671330030355602
}