{
  "train_loss": [
    0.11950871078073978,
    0.06038582894653082,
    0.05040901615396142,
    0.04034963910356164,
    0.033740029090177266,
    0.026845947035402058
  ],
  "train_acc": [
    0.95855,
    0.9783,
    0.9807,
    0.9847,
    0.9865,
    0.98945
  ],
  "val_loss": [
    0.06127275592684746,
    0.05540942335426807,
    0.05237588810697198,
    0.05647258998919279,
    0.0705759696945548,
    0.06460075568519533
  ],
  "val_acc": [
    0.982,
    0.9812,
    0.9824,
    0.98,
    0.9784,
    0.9792
  ],
  "val_f1": [
    0.9822904368358913,
    0.981415579280348,
    0.9825673534072901,
    0.9800955414012739,
    0.9784688995215312,
    0.9792332268370607
  ],
  "val_auc": [
    0.99810496,
    0.99808448,
    0.9981407999999999,
    0.9981049599999999,
    0.9967103999999999,
    0.9974038399999999
  ],
  "epoch_time": [
    13.285923957824707,
    10.7260901927948,
    10.613975048065186,
    10.56406831741333,
    10.538572072982788,
    10.520981788635254
  ]
}