{
  "train_loss": [
    1.2022783197002647,
    0.6387242406238745,
    0.393980205151034,
    0.2682784520273591,
    0.19043474766299312,
    0.1515485959035563,
    0.12019018345960865,
    0.09336464862442678
  ],
  "train_acc": [
    0.5486111111111112,
    0.7846257716049383,
    0.8713348765432098,
    0.9135802469135802,
    0.9416473765432098,
    0.9538001543209876,
    0.9631558641975309,
    0.9725115740740741
  ],
  "val_loss": [
    0.8954378522237142,
    0.6474416909217835,
    0.6026095539728801,
    0.5466818895339965,
    0.5491470925013224,
    0.5414450716972351,
    0.6055157353083293,
    0.6634096854527791
  ],
  "val_acc": [
    0.7006666666666667,
    0.7913333333333333,
    0.8106666666666666,
    0.8346666666666667,
    0.844,
    0.852,
    0.8486666666666667,
    0.854
  ],
  "val_f1": [
    0.7035159567807527,
    0.7932230243843493,
    0.8136584819638909,
    0.8339705411270457,
    0.845317081542495,
    0.8512514311285608,
    0.8470295666946743,
    0.8531254638895055
  ],
  "val_auc": [
    0.9176976,
    0.9518122666666667,
    0.9607194666666666,
    0.9663648,
    0.9688421333333332,
    0.9705824,
    0.9703845333333333,
    0.9672037333333333
  ],
  "epoch_time": [
    24.80968689918518,
    20.043785095214844,
    19.876795768737793,
    20.176570892333984,
    19.68761706352234,
    19.71011185646057,
    19.036826848983765,
    19.54615592956543
  ]
}