{
  "accuracy": 0.854,
  "precision": 0.8553238148841684,
  "recall": 0.854,
  "f1": 0.8532838700691974,
  "auc": 0.9692064,
  "loss": 0.6340051740010579
}