{
  "single": {
    "TextCNN": {
      "accuracy": 0.976,
      "precision": 0.972972972972973,
      "recall": 0.9792,
      "f1": 0.9760765550239234,
      "auc": 0.99586048
    },
    "BiLSTM-Attention": {
      "accuracy": 0.9808,
      "precision": 0.9702660406885759,
      "recall": 0.992,
      "f1": 0.9810126582278481,
      "auc": 0.9976236799999999
    },
    "BERT": {
      "accuracy": 0.9668,
      "precision": 0.959087332808812,
      "recall": 0.9752,
      "f1": 0.9670765569218565,
      "auc": 0.9902112000000001
    }
  },
  "ensemble": {
    "weights": {
      "TextCNN": 0.0,
      "BiLSTM-Attention": 0.8,
      "BERT": 0.2
    },
    "metrics": {
      "accuracy": 0.9824,
      "precision": 0.971830985915493,
      "recall": 0.9936,
      "f1": 0.9825949367088608,
      "auc": 0.997408
    }
  }
}