{
  "accuracy": 0.976,
  "precision": 0.972972972972973,
  "recall": 0.9792,
  "f1": 0.9760765550239234,
  "auc": 0.99586048,
  "loss": 0.09792453984580934
}