{
  "train_loss": [
    0.1615678414672613,
    0.08823845085799695,
    0.07184239148050546,
    0.05714413719181903,
    0.05443633845932782,
    0.04605973318759352
  ],
  "train_acc": [
    0.9398,
    0.97255,
    0.978,
    0.98235,
    0.9831,
    0.9854
  ],
  "val_loss": [
    0.06364322196394205,
    0.06320637054257094,
    0.0668770777785685,
    0.06731506774337032,
    0.07648502684440464,
    0.08715368415028789
  ],
  "val_acc": [
    0.9764,
    0.9804,
    0.9724,
    0.9808,
    0.978,
    0.9724
  ],
  "val_f1": [
    0.976390556222489,
    0.9805013927576601,
    0.9721437222446507,
    0.9809372517871326,
    0.9780963759458383,
    0.972076082557669
  ],
  "val_auc": [
    0.99725696,
    0.9973903999999999,
    0.9977545600000002,
    0.99759552,
    0.9971708800000001,
    0.9973721600000001
  ],
  "epoch_time": [
    8.475197076797485,
    4.72314977645874,
    4.75622296333313,
    4.734644174575806,
    4.770390033721924,
    4.723536729812622
  ]
}